<?xml version="1.0" encoding="UTF-8"?>
<project-private xmlns="http://www.netbeans.org/ns/project-private/1">
    <editor-bookmarks xmlns="http://www.netbeans.org/ns/editor-bookmarks/2" lastBookmarkId="0"/>
    <open-files xmlns="http://www.netbeans.org/ns/projectui-open-files/2">
        <group>
            <file>file:/home/raghu/NetBeansProjects/OmazanApp/OmazanApp-war/web/index.xhtml</file>
            <file>file:/home/raghu/NetBeansProjects/OmazanApp/OmazanApp-war/src/java/de/tud/omazan/web/CustomerManager.java</file>
            <file>file:/home/raghu/NetBeansProjects/OmazanApp/OmazanApp-war/web/product_mgm.xhtml</file>
            <file>file:/home/raghu/NetBeansProjects/OmazanApp/OmazanApp-war/src/java/de/tud/omazan/web/ProductManager.java</file>
        </group>
    </open-files>
</project-private>
